{
  "1_20251205_132851_955447.jpg": {
    "upload_time": 1764941336.7036023,
    "scheduled_deletion": 1764942536.7036023
  },
  "2_20251205_132856_830188.jpg": {
    "upload_time": 1764941339.1352746,
    "scheduled_deletion": 1764942539.1352746
  },
  "3_20251205_132859_209903.jpg": {
    "upload_time": 1764941342.6364663,
    "scheduled_deletion": 1764942542.6364663
  },
  "4_20251205_132902_708952.jpg": {
    "upload_time": 1764941345.572622,
    "scheduled_deletion": 1764942545.572622
  },
  "2_20251205_133812_955434.jpg": {
    "upload_time": 1764941894.241557,
    "scheduled_deletion": 1764943094.241557
  },
  "4_20251205_133814_300292.jpg": {
    "upload_time": 1764941895.4737225,
    "scheduled_deletion": 1764943095.4737225
  },
  "3_20251205_133824_737395.jpg": {
    "upload_time": 1764941906.1581194,
    "scheduled_deletion": 1764943106.1581194
  },
  "1_20251205_133826_233198.jpg": {
    "upload_time": 1764941907.6373305,
    "scheduled_deletion": 1764943107.6373305
  },
  "2_20251205_134307_966229.jpg": {
    "upload_time": 1764942189.1172361,
    "scheduled_deletion": 1764943389.1172361
  },
  "4_20251205_134309_180969.jpg": {
    "upload_time": 1764942191.495271,
    "scheduled_deletion": 1764943391.495271
  },
  "1_20251205_134311_572077.jpg": {
    "upload_time": 1764942195.035564,
    "scheduled_deletion": 1764943395.035564
  },
  "3_20251205_134315_152708.jpg": {
    "upload_time": 1764942196.4913545,
    "scheduled_deletion": 1764943396.4913545
  },
  "1_20251205_134829_942563.jpg": {
    "upload_time": 1764942512.9704168,
    "scheduled_deletion": 1764943712.9704168
  },
  "2_20251205_134833_096049.jpg": {
    "upload_time": 1764942516.6036806,
    "scheduled_deletion": 1764943716.6036806
  },
  "3_20251205_134836_658632.jpg": {
    "upload_time": 1764942520.3645015,
    "scheduled_deletion": 1764943720.3645015
  },
  "4_20251205_134840_426212.jpg": {
    "upload_time": 1764942522.0776305,
    "scheduled_deletion": 1764943722.0776305
  }
}